start_x,start_y,target_x,target_y
38.41013506,-110.789961115,38.41028011,-110.78751967
