start_x,start_y,target_x,target_y
38.41066691,-110.786529895,38.41118909,-110.789741165
