start_x,start_y,target_x,target_y
38.41118909,-110.789741165,38.41166292,-110.786441915
