start_x,start_y,target_x,target_y
38.41028011,-110.78751967,38.41066691,-110.786529895
